<?xml version="1.0" encoding="UTF-8"?>
<extension client="administrator" type="language" method="upgrade">
	<name>Portuguese (Brazil)</name>
	<tag>pt-BR</tag>
	<version>6.0.0.1</version>
	<creationDate>2025-10-16</creationDate>
	<author>Use Joomla!</author>
	<authorEmail>traducao@usejoomla.com.br</authorEmail>
	<authorUrl>https://usejoomla.com.br</authorUrl>
	<copyright>(C) 2008 - 2025 Use Joomla!. Todos os direitos reservados.</copyright>
	<license>GNU General Public License version 2 or later; see LICENSE.txt</license>
	<description><![CDATA[Tradução do Backend (Administrador) em Português do Brasil para Joomla! 6.0 | Portuguese (Brazil) Backend (Administrator) translation for Joomla! 6.0]]></description>
	<files>
		<folder>/</folder>
		<filename file="meta">langmetadata.xml</filename>
		<filename file="meta">install.xml</filename>
	</files>
	<params />
</extension>
