<?xml version="1.0" encoding="UTF-8"?>
<metafile client="api">
	<name>Portuguese (Brazil)</name>
	<tag>pt-BR</tag>
	<version>6.0.0.1</version>
	<creationDate>2025-10-16</creationDate>
	<author>Use Joomla!</author>
	<authorEmail>traducao@usejoomla.com.br</authorEmail>
	<authorUrl>https://usejoomla.com.br</authorUrl>
	<copyright>(C) 2008 - 2025 Use Joomla!. Todos os direitos reservados.</copyright>
	<license>GNU General Public License version 2 or later; see LICENSE.txt</license>
	<description><![CDATA[Tradução da API em Português do Brasil para Joomla! 6.0 | Portuguese (Brazil) API translation for Joomla! 6.0]]></description>
	<metadata>
		<name>Portuguese (Brazil)</name>
		<nativeName>Português (Brasil)</nativeName>
		<tag>pt-BR</tag>
		<rtl>0</rtl>
		<locale>pt_BR.utf8, pt_BR.UTF-8, pt_BR, por_BR, portuguese-brazilian, pt, por, brazil</locale>
		<firstDay>0</firstDay>
		<weekEnd>0,6</weekEnd>
		<calendar>gregorian</calendar>
	</metadata>
	<params />
</metafile>
